Title,Location,Company,Salary,Sponsored,Description
Admission Counselor,"Hyderabad, Telangana",Avrexsee Future Academy (Avrexsee Enterprises Private Limited),"₹3,00,000 - ₹5,00,000 a year",Organic,"Designation : Admissions Counselor - Future Technologies
Admissions / Education Counselor Job Description for EDUTECH PROGRAMS (AI / ML / Data Science/ AR / VR / MR )
Future Technologies:
1. Artificial Intelligence / Machine Learning
2. Data Science
3. Augmented Reality / Virtual Reality / Mixed Reality
JOB SUMMARY
Reporting to the Director of Admissions, the Admissions Counselor represents Avrexsee Future Academy to prospective engineering students and young working professionals in corporate organisations and works to increase inquiries and convert inquiries, leads, applications into enrolled students.
The successful admissions counselor exhibits superior customer service skills and professionalism throughout daily interactions and communications with such prospective students and young working professionals including interviews, phone calls, emails and information sessions.
The counselor creates and implements recruitment strategies to reach prospective students through events, referrals, online and print communications, and outreaches to businesses and organizations.
The admission counselor must demonstrate an ability to work independently as well as collaboratively with team members, faculty, partners, students, engineering colleges and also related alumni, administrators and staff.
A flexible work schedule that will include days, evenings, and some weekends is required. Depending on the calls and engagement requirements.
Travel, valid driver’s license and access to a vehicle required.
ESSENTIAL DUTIES RESPONSIBILITIES
Create an individual lead to enrollment plan (using suggested enrollment template or CRM) for each program as well as participate in the creation of a team plan. The plan includes distribution of lead assigned activities, participation in events/conferences/fairs, communications with prospective students and networking opportunities.
Complete weekly activity report to include documentation of outreach activities and student enrollment.
Ability to work on a registration deadline, strive and run college-wide enrollment goals and use outstanding customer service to recruit students from the engineering College’s on to Avrexsee Future Academy programs.
Develop and update a database of teachers, Industry consultants, administrators, and contact people with whom workshops and information sessions can be booked. Network with new contacts to help increase inquiry production and lead generation.
Utilize phone, email, and mail to communicate with prospective students in a timely manner, providing superior student service.
Work with prospective students to garner completed application files prior to enrollment and efforts to increase retention.
Become familiar with working territory and demographics of cities/towns in that area to best reach the student population for Avrexsee Future Academy.
Collaborate with our growing alumni network to develop new student/professional networks, garner student referrals. Alumni are to be utilized at information sessions, outreaches, phoning etc.
Attend training sessions to receive updated information about new programs, services, educator license requirements, etc.
Under the direction of the Director, participate in the events prior, during, and after each term such as information sessions, orientations, registration events and graduation events.
Ability to work independently, and to arrange information sessions, set appointments and promote Avrexsee Future Academy in a positive manner.
Ability to follow the expectation of treating fellow employees, students and the institution’s guests with civility, and to refrain from activities that disrupt the efficient functioning of the programs.
Ability to follow directions and complete tasks accurately as well as accept supervisory input and constructive criticism.
EDUCATION & EXPERIENCE REQUIRED
Qualifications: Bachelor’s degree required; Master’s Degree preferred.
SKILLS & KNOWLEDGE REQUIRED
Lead management , customer service management, sales, and/or knowledge of higher education on emerging technologies required.
Must be able to demonstrate excellent written and oral communication skills
Well-developed presentation skills are required.
Goal oriented and intrinsically motivated with superior customer service and networking skills.
Facility with MS Office Suite , social media and marketing via the Internet as a tool.
Ability to manage student files and rosters via the CRM system (Use of Salesforce, Leadsquared or Hubspot is preferred)
Ability to build relationships with students and determine the correct program fit for students’ career and personal goals and follow them through the enrollment process.
Experience working with adult population preferred
Professional attire and personal presentation required daily.
Job Types: Full-time, Fresher
Salary: ₹300,000.00 to ₹500,000.00 /year
Experience:
Edutech Program Sale: 1 year (Preferred)
Admissions Counselor: 1 year (Required)
Data Science Program: 1 year (Required)
Artificial Intelligence Program: 1 year (Required)
Education:
Bachelor's (Preferred)
Location:
Hyderabad, Telangana (Preferred)
Language:
English (Required)
Selection rounds:
HR Interview
Technical Interview
Industry:
Education & Instruction
Work Remotely:
Temporarily due to COVID-19"
Artificial Intelligence Online Trainer,"Hyderabad, Telangana",Zion Technologies Solutions,"₹50,000 - ₹60,000 a month",Organic,"The AI Online Trainer is responsible for the following:
1. Take online sessions with students.
2. Provide hands-on assignments
3. Provide academic projects
4. Content creation
5. Assessments and final certification.
Job Types: Full-time, Part-time
Salary: ₹50,000.00 to ₹60,000.00 /month
Experience:
work: 3 years (Preferred)
Teaching: 3 years (Preferred)
total work: 2 years (Preferred)
Education:
Bachelor's (Preferred)
Language:
English (Preferred)"
Chatbot Developer,"Hyderabad, Telangana",NeuralByte Digital Solutions Private Limited,None,Organic,"Gender: Male / Female
Job DescriptionRole description:
Building chatbots for companies
Using Artificial Intelligence (AI), Natural-Language Processing (NLP), and Machine Learning (ML) to build these chatbots.
The following skills are expected from you:
Python (MUST REQUIRED)
NodeJS (MUST REQUIRED)
MySQL or PostgreSQL or MS SQL
DialogFLOW
JOB DESCRIPTION:
Candidate will be working on building Chatbot POC and demos for customers . He will gradually will work on Production based on the knowledge
This is a 2 month contract job for fresher .
production
*
Job Types: Internship, Fresher
Experience:
NodeJS: 1 year (Preferred)
DialogFlow: 1 year (Preferred)
Python: 1 year (Preferred)
Work Remotely:
Yes"
Computer Teacher,"Dibrugarh, Assam","Shiksha Valley School, Dibrugarh","₹4,00,000 - ₹6,00,000 a year",Organic,"Job Summary
We are searching for an enthusiastic Computer Teacher having knowledge computers, robotics, and Artificial Intelligence to promote computer literacy among our students. In this position, you will be required to craft and present lessons, develop teaching material and attend parent-teacher meetings. Computer Teachers should also ensure that equipment remains in excellent working condition. As a Computer Teacher, the candidate should demonstrate flexibility and support and help students to develop confidence in their computer skills. The Computer Teacher will be cognizant of the socio-economic factors that limit access to technology, and will make a concerted effort to acclimatize students with no prior exposure to computers.
Responsibilities and Duties
Responsibilities:
Planning lessons and activities that facilitate students' acquisition of basic and advanced computer skills.
Instructing in a manner that develops students' confidence in their abilities.
Observing and managing classroom dynamics.
Invigilating and grading projects, quizzes, and examinations.
Tracking and communicating students' advancement throughout the course.
Ensuring that the computer laboratory remains free from food and drink at all times.
Downloading important software updates and maintaining hardware and Information systems.
Attending parent-teacher and faculty meetings/conferences.
Guidance/Maintenance and updating of School Website and ERP
In-depth knowledge of Robotics and Artificial Intelligence
Required Experience and Qualifications
Requirements:
Bachelor's degree in Computer Science, Computer Engineering, or related discipline.
A minimum of 5 years' experience working in a school as a Computer Teacher.
Excellent IT skills and knowledge of Computer Hardware, Softwares, ERP and Information System.
Outstanding organizational and interpersonal communication skills.
Higher Qualification & Experience will get preference
Shortlisted candidates will be called for group discussion and personal Interview. (Personal interview may also be taken through VC)
Selected aspirants will receive an impressive salary with rent-free semi-furnished accommodation and other benefits.
Interested candidate can mail their resume on management @shikshavalleyschool.org
Resume can also be sent to the below-mentioned address:
Shiksha Valley School,*
City Office- Radali Path,
Ground Floor: Himalayan Heritage,
Central Chowkidinghee, Dibrugarh
Dial 9435031859Perks and Benefits
Selected aspirants will receive an impressive salary with rent-free semi-furnished accommodation and other benefits.
Benefits
Perks and Benefits
Selected aspirants will receive an impressive salary with rent-free semi-furnished accommodation and other benefits.
Job Type: Full-time
Salary: ₹400,000.00 - ₹600,000.00 per year
Experience:
work: 5 years (Preferred)
total work: 3 years (Required)
Education:
Master's (Preferred)
Benefits:
Provident fund (PF)
Meal card / Food coupons
Education assistance
Other
Industry:
Education & Instruction"
Machine Learning / Artificial Intelligence Engineer,"Bengaluru, Karnataka",The Alacer Group,"₹10,00,000 - ₹18,00,000 a year",Organic,"Alacer Systems and Technologies is looking for an artificial intelligence and machine learning engineer, who will be able to develop and support Alacer's products. The main scope of the products will include everything from back-end to client-side code, using optimal and efficient technologies, frameworks, and patterns. Your primary responsibilities will be – design and develop, maintain and enhance applications leveraging AI & ML capabilities. Therefore, it’s essential that – as an AI/ML engineer — you are skilled at problem solving, solution design, logical thinking and high-quality coding.
Description
The candidate must be fluent in artificial intelligence and machine learning techniques
The candidate must understand the following algorithms and when each is applicable: Linear Regression, Logistic Regression, Classification and Regression Trees, Naïve-Bayes, and K-Nearest Neighbors
The candidate should be familiar with statistics, neural networks, heuristics, Markov models, Natural Language Processing (NLP)
The candidate should know the R and Python languages
The candidate should familiar with Jupyter Notebooks
The candidate should have experience with Azure cloud
Experience in analytics driven financial applications will be plus
The candidate should be familiar with DevOps practices such as source control, builds, testing, deployments, release management, and monitoring
An understanding of modern approaches to software development such as microservices and event-driven architectures
Experience developing applications with the Azure cloud platform using Visual Studio and/or Visual Studio Code
Experience with SDLC tools such as Team Foundation Server (TFS), Git, Azure DevOps, and Jira
Requirements:
Bachelors degree in Computer Science or related field with 8+ years of software development experience OR MS/Phd in CS or equivalent with 4+ yrs of experience
Experience with all phases of development, including design, implementation, and operation of production systems
Experience in developing high-performance, highly-available and scalable distributed systems
In-depth knowledge and fluency in a high-level programming language C/C++ and C#
Experience with relational and noSQL databases
Solid understanding of Object-Oriented design and concepts
Strong analytical and problem solving skills
Experience with Machine Learning
Experience developing software in a Unix/Linux environment
Expected Start Date: 17/08/2020
Job Type: Full-time
Pay: ₹1,000,000.00 - ₹1,800,000.00 per year
Experience:
AI/ML: 5 years (Preferred)
total work: 7 years (Preferred)
Education:
Bachelor's (Preferred)"
Artificial Intelligence/ Machine Learning Data Engineer,"Kochi, Kerala",Right Soft Options,"₹40,000 - ₹45,000 a month",Organic,"Job Description:
1) Experience is using Data Science algorithms for Data Analytics
2) Expertise in Designing, Building and Leveraging AI/ML algorithms/programs for classification, prediction, modelling, clustering etc.
3) Perform statistical analysis
4) Undertake Machine Learning experiments and tests
5) Develop Deep Learning systems to various use cases based on business need
6) Ability to write code in Java/Python
7) Experience in data modelling, AI/ML software architecture and data structures
8) Experience in working with Agile team
9) Exposure to ECG analysis tools such as Matlab or mathworks
10) Minimum 1-2 years experience in AI/ML Data Science projects
Job Types: Full-time, Contract
Salary: ₹40,000.00 to ₹45,000.00 /month
Experience:
AI/ML projects : 2 years (Preferred)
Machine Learning: 1 year (Preferred)
Total experience: 4 years (Preferred)
Education:
Secondary(10th Pass) (Preferred)"
Artificial Intelligence Researcher - Freshers,"Bengaluru, Karnataka",BigSpire Software,None,Organic,"Job Description:
1) Experience is using Data Science algorithms for Data Analytics
2) Expertise in Designing, Building and Leveraging AI/ML algorithms/programs for classification, prediction, modelling, clustering etc.
3) Perform statistical analysis
4) Undertake Machine Learning experiments and tests
5) Develop Deep Learning systems to various use cases based on business need
6) Ability to write code in Java/Python
7) Experience in data modelling, AI/ML software architecture and data structures
8) Experience in working with Agile team
9) Exposure to ECG analysis tools such as Matlab or mathworks
10) Minimum 1-2 years experience in AI/ML Data Science projects
Job Types: Full-time, Contract
Salary: ₹40,000.00 to ₹45,000.00 /month
Experience:
AI/ML projects : 2 years (Preferred)
Machine Learning: 1 year (Preferred)
Total experience: 4 years (Preferred)
Education:
Secondary(10th Pass) (Preferred)"
Artificial Intelligence Engineer,"Hyderabad, Telangana",Grid Logic Software Private Limited,None,Organic,"Job Description:
1) Experience is using Data Science algorithms for Data Analytics
2) Expertise in Designing, Building and Leveraging AI/ML algorithms/programs for classification, prediction, modelling, clustering etc.
3) Perform statistical analysis
4) Undertake Machine Learning experiments and tests
5) Develop Deep Learning systems to various use cases based on business need
6) Ability to write code in Java/Python
7) Experience in data modelling, AI/ML software architecture and data structures
8) Experience in working with Agile team
9) Exposure to ECG analysis tools such as Matlab or mathworks
10) Minimum 1-2 years experience in AI/ML Data Science projects
Job Types: Full-time, Contract
Salary: ₹40,000.00 to ₹45,000.00 /month
Experience:
AI/ML projects : 2 years (Preferred)
Machine Learning: 1 year (Preferred)
Total experience: 4 years (Preferred)
Education:
Secondary(10th Pass) (Preferred)"
artificial intelligence engineer,"Mumbai, Maharashtra",legalbabu corporate services pvt ltd,None,Organic,"Job Description:
1) Experience is using Data Science algorithms for Data Analytics
2) Expertise in Designing, Building and Leveraging AI/ML algorithms/programs for classification, prediction, modelling, clustering etc.
3) Perform statistical analysis
4) Undertake Machine Learning experiments and tests
5) Develop Deep Learning systems to various use cases based on business need
6) Ability to write code in Java/Python
7) Experience in data modelling, AI/ML software architecture and data structures
8) Experience in working with Agile team
9) Exposure to ECG analysis tools such as Matlab or mathworks
10) Minimum 1-2 years experience in AI/ML Data Science projects
Job Types: Full-time, Contract
Salary: ₹40,000.00 to ₹45,000.00 /month
Experience:
AI/ML projects : 2 years (Preferred)
Machine Learning: 1 year (Preferred)
Total experience: 4 years (Preferred)
Education:
Secondary(10th Pass) (Preferred)"
Teaching Faculty For Artificial Intelligence,"Ernakulam, Kerala",AI Hub,"₹15,000 - ₹30,000 a month",Organic,null
Artificial Intelligence,"Hyderabad, Telangana",Careerera,None,Organic,"A leading educational firm is looking for faculty members in Artificial Intelligence, Machine Learning, Data Science etc. Young and energetic experienced candidates with immense industrial knowledge should apply.
Job Types: Full-time, Contract
Salary: ₹15,000.00 to ₹30,000.00 /month"
Artificial Intelligence Internship,"Thiruvananthapuram, Kerala",Oracuz,"₹10,000 - ₹35,000 a month",Organic,"Just a few days ago Google AI launched an object detection competition on Kaggle called the Open Images Challenge. It’s great to see since the computer vision community hasn’t had such a new massive competition in a while.
Job Types: Full-time, Part-time, Internship, Fresher
Salary: ₹10,000.00 to ₹35,000.00 /month
Education:
Bachelor's (Preferred)
Work Remotely:
Yes"
Artificial Intelligence Developer - Machine Learning/Deep Le...,India,StarTele Logic,None,Organic,"Just a few days ago Google AI launched an object detection competition on Kaggle called the Open Images Challenge. It’s great to see since the computer vision community hasn’t had such a new massive competition in a while.
Job Types: Full-time, Part-time, Internship, Fresher
Salary: ₹10,000.00 to ₹35,000.00 /month
Education:
Bachelor's (Preferred)
Work Remotely:
Yes"
English Annotators - India,None,TransPerfect Translations Inc.,None,Organic,"Just a few days ago Google AI launched an object detection competition on Kaggle called the Open Images Challenge. It’s great to see since the computer vision community hasn’t had such a new massive competition in a while.
Job Types: Full-time, Part-time, Internship, Fresher
Salary: ₹10,000.00 to ₹35,000.00 /month
Education:
Bachelor's (Preferred)
Work Remotely:
Yes"
Talent Acquisition specialist,"Hyderabad, Telangana",WAVELABS TECHNOLOGIES,None,Organic,"Just a few days ago Google AI launched an object detection competition on Kaggle called the Open Images Challenge. It’s great to see since the computer vision community hasn’t had such a new massive competition in a while.
Job Types: Full-time, Part-time, Internship, Fresher
Salary: ₹10,000.00 to ₹35,000.00 /month
Education:
Bachelor's (Preferred)
Work Remotely:
Yes"
Artificial Intelligence,"Hyderabad, Telangana",Careerera,None,Organic,null
Artificial Intelligence and Machine learning Trainer,"Badarpur, Delhi",Digital School of Delhi,None,Organic,null
Artificial Intelligence,"New Delhi, Delhi",Delvetech,None,Organic,null
Artificial Intelligence,"Kolkata, West Bengal",newAmps Consulting,None,Organic,null
Artificial Intelligence / Data Science/ Machine Learning,India,TATA ELXSI LTD.,"₹3,50,000 - ₹5,00,000 a year",Organic,"TATA ELXSI Ltd. is conducting off campus drive across India for BE/B.Tech ( All Streams)/M.E/M.Tech (All Streams)/Msc.
Salary : 3.5 Lacs-5 Lacs
Industry : IT-Software / Software Services
Functional Area : IT-Software / Software Services
Role : Junior Engineers
Keyskills
BE/B.Tech ( All Streams)/M.E/M.Tech (All Streams)/Msc. Mathematics Compulsory
Desired Candidate Profile
Company Profile:
Tata Elxsi is an Indian design company and a part of the Tata Group. It provides design and technology services for product engineering and solutions across industries including broadcast, communications, and automotive."
Artificial Intelligence & Machine Learning - Corporate train...,"Thiruvananthapuram, Kerala",Oracuz Info Tech Pvt Ltd,None,Organic,"TATA ELXSI Ltd. is conducting off campus drive across India for BE/B.Tech ( All Streams)/M.E/M.Tech (All Streams)/Msc.
Salary : 3.5 Lacs-5 Lacs
Industry : IT-Software / Software Services
Functional Area : IT-Software / Software Services
Role : Junior Engineers
Keyskills
BE/B.Tech ( All Streams)/M.E/M.Tech (All Streams)/Msc. Mathematics Compulsory
Desired Candidate Profile
Company Profile:
Tata Elxsi is an Indian design company and a part of the Tata Group. It provides design and technology services for product engineering and solutions across industries including broadcast, communications, and automotive."
Artificial Intelligence Engineer,"Hyderabad, Telangana",Grid Logic Software Private Limited,None,Organic,"TATA ELXSI Ltd. is conducting off campus drive across India for BE/B.Tech ( All Streams)/M.E/M.Tech (All Streams)/Msc.
Salary : 3.5 Lacs-5 Lacs
Industry : IT-Software / Software Services
Functional Area : IT-Software / Software Services
Role : Junior Engineers
Keyskills
BE/B.Tech ( All Streams)/M.E/M.Tech (All Streams)/Msc. Mathematics Compulsory
Desired Candidate Profile
Company Profile:
Tata Elxsi is an Indian design company and a part of the Tata Group. It provides design and technology services for product engineering and solutions across industries including broadcast, communications, and automotive."
Data Science and Machine Learning Trainer,"Hyderabad, Telangana",Ambrapali Electrotech Private Limited,"₹30,000 - ₹50,000 a year",Organic,"We are looking for an organized and experienced Data Science and Machine Learning trainer to join our organization.
The Trainer Should have good knowledge of Python, Artificial Intelligence including Data Science and Machine Learning.
The trainer will be responsible for evaluating our needs and current practices and creating and delivering a training development plan complete with materials, tutorials, instructions, and learning resources such as online modules and guides.
The ideal Trainer will be a confident Live Public speaker in front of the Camera and a devoted educator who is up-to-date on the latest tools and resources needed to improve employee training and performance.
Job Types: Full-time, Part-time, Internship
Salary: ₹30,000.00 - ₹50,000.00 per year
Experience:
work: 1 year (Preferred)
total work: 1 year (Preferred)
Artificial Intelligence: 1 year (Preferred)
Data Science and Machine Learning: 1 year (Preferred)
python: 2 years (Preferred)
Education:
Bachelor's (Preferred)"
Machine Learning / Artificial Intelligence Engineer,"Bengaluru, Karnataka",The Alacer Group,"₹10,00,000 - ₹18,00,000 a year",Organic,"Alacer Systems and Technologies is looking for an artificial intelligence and machine learning engineer, who will be able to develop and support Alacer's products. The main scope of the products will include everything from back-end to client-side code, using optimal and efficient technologies, frameworks, and patterns. Your primary responsibilities will be – design and develop, maintain and enhance applications leveraging AI & ML capabilities. Therefore, it’s essential that – as an AI/ML engineer — you are skilled at problem solving, solution design, logical thinking and high-quality coding.
Description
The candidate must be fluent in artificial intelligence and machine learning techniques
The candidate must understand the following algorithms and when each is applicable: Linear Regression, Logistic Regression, Classification and Regression Trees, Naïve-Bayes, and K-Nearest Neighbors
The candidate should be familiar with statistics, neural networks, heuristics, Markov models, Natural Language Processing (NLP)
The candidate should know the R and Python languages
The candidate should familiar with Jupyter Notebooks
The candidate should have experience with Azure cloud
Experience in analytics driven financial applications will be plus
The candidate should be familiar with DevOps practices such as source control, builds, testing, deployments, release management, and monitoring
An understanding of modern approaches to software development such as microservices and event-driven architectures
Experience developing applications with the Azure cloud platform using Visual Studio and/or Visual Studio Code
Experience with SDLC tools such as Team Foundation Server (TFS), Git, Azure DevOps, and Jira
Requirements:
Bachelors degree in Computer Science or related field with 8+ years of software development experience OR MS/Phd in CS or equivalent with 4+ yrs of experience
Experience with all phases of development, including design, implementation, and operation of production systems
Experience in developing high-performance, highly-available and scalable distributed systems
In-depth knowledge and fluency in a high-level programming language C/C++ and C#
Experience with relational and noSQL databases
Solid understanding of Object-Oriented design and concepts
Strong analytical and problem solving skills
Experience with Machine Learning
Experience developing software in a Unix/Linux environment
Expected Start Date: 17/08/2020
Job Type: Full-time
Pay: ₹1,000,000.00 - ₹1,800,000.00 per year
Experience:
AI/ML: 5 years (Preferred)
total work: 7 years (Preferred)
Education:
Bachelor's (Preferred)"
AI ChatBot Developer,"Chennai, Tamil Nadu",Celexa,None,Organic,"Alacer Systems and Technologies is looking for an artificial intelligence and machine learning engineer, who will be able to develop and support Alacer's products. The main scope of the products will include everything from back-end to client-side code, using optimal and efficient technologies, frameworks, and patterns. Your primary responsibilities will be – design and develop, maintain and enhance applications leveraging AI & ML capabilities. Therefore, it’s essential that – as an AI/ML engineer — you are skilled at problem solving, solution design, logical thinking and high-quality coding.
Description
The candidate must be fluent in artificial intelligence and machine learning techniques
The candidate must understand the following algorithms and when each is applicable: Linear Regression, Logistic Regression, Classification and Regression Trees, Naïve-Bayes, and K-Nearest Neighbors
The candidate should be familiar with statistics, neural networks, heuristics, Markov models, Natural Language Processing (NLP)
The candidate should know the R and Python languages
The candidate should familiar with Jupyter Notebooks
The candidate should have experience with Azure cloud
Experience in analytics driven financial applications will be plus
The candidate should be familiar with DevOps practices such as source control, builds, testing, deployments, release management, and monitoring
An understanding of modern approaches to software development such as microservices and event-driven architectures
Experience developing applications with the Azure cloud platform using Visual Studio and/or Visual Studio Code
Experience with SDLC tools such as Team Foundation Server (TFS), Git, Azure DevOps, and Jira
Requirements:
Bachelors degree in Computer Science or related field with 8+ years of software development experience OR MS/Phd in CS or equivalent with 4+ yrs of experience
Experience with all phases of development, including design, implementation, and operation of production systems
Experience in developing high-performance, highly-available and scalable distributed systems
In-depth knowledge and fluency in a high-level programming language C/C++ and C#
Experience with relational and noSQL databases
Solid understanding of Object-Oriented design and concepts
Strong analytical and problem solving skills
Experience with Machine Learning
Experience developing software in a Unix/Linux environment
Expected Start Date: 17/08/2020
Job Type: Full-time
Pay: ₹1,000,000.00 - ₹1,800,000.00 per year
Experience:
AI/ML: 5 years (Preferred)
total work: 7 years (Preferred)
Education:
Bachelor's (Preferred)"
English Annotators - India,None,TransPerfect Translations Inc.,None,Organic,"Alacer Systems and Technologies is looking for an artificial intelligence and machine learning engineer, who will be able to develop and support Alacer's products. The main scope of the products will include everything from back-end to client-side code, using optimal and efficient technologies, frameworks, and patterns. Your primary responsibilities will be – design and develop, maintain and enhance applications leveraging AI & ML capabilities. Therefore, it’s essential that – as an AI/ML engineer — you are skilled at problem solving, solution design, logical thinking and high-quality coding.
Description
The candidate must be fluent in artificial intelligence and machine learning techniques
The candidate must understand the following algorithms and when each is applicable: Linear Regression, Logistic Regression, Classification and Regression Trees, Naïve-Bayes, and K-Nearest Neighbors
The candidate should be familiar with statistics, neural networks, heuristics, Markov models, Natural Language Processing (NLP)
The candidate should know the R and Python languages
The candidate should familiar with Jupyter Notebooks
The candidate should have experience with Azure cloud
Experience in analytics driven financial applications will be plus
The candidate should be familiar with DevOps practices such as source control, builds, testing, deployments, release management, and monitoring
An understanding of modern approaches to software development such as microservices and event-driven architectures
Experience developing applications with the Azure cloud platform using Visual Studio and/or Visual Studio Code
Experience with SDLC tools such as Team Foundation Server (TFS), Git, Azure DevOps, and Jira
Requirements:
Bachelors degree in Computer Science or related field with 8+ years of software development experience OR MS/Phd in CS or equivalent with 4+ yrs of experience
Experience with all phases of development, including design, implementation, and operation of production systems
Experience in developing high-performance, highly-available and scalable distributed systems
In-depth knowledge and fluency in a high-level programming language C/C++ and C#
Experience with relational and noSQL databases
Solid understanding of Object-Oriented design and concepts
Strong analytical and problem solving skills
Experience with Machine Learning
Experience developing software in a Unix/Linux environment
Expected Start Date: 17/08/2020
Job Type: Full-time
Pay: ₹1,000,000.00 - ₹1,800,000.00 per year
Experience:
AI/ML: 5 years (Preferred)
total work: 7 years (Preferred)
Education:
Bachelor's (Preferred)"
"Software Engineer, Machine Learning","Hyderabad, Telangana",Google,None,Organic,"Alacer Systems and Technologies is looking for an artificial intelligence and machine learning engineer, who will be able to develop and support Alacer's products. The main scope of the products will include everything from back-end to client-side code, using optimal and efficient technologies, frameworks, and patterns. Your primary responsibilities will be – design and develop, maintain and enhance applications leveraging AI & ML capabilities. Therefore, it’s essential that – as an AI/ML engineer — you are skilled at problem solving, solution design, logical thinking and high-quality coding.
Description
The candidate must be fluent in artificial intelligence and machine learning techniques
The candidate must understand the following algorithms and when each is applicable: Linear Regression, Logistic Regression, Classification and Regression Trees, Naïve-Bayes, and K-Nearest Neighbors
The candidate should be familiar with statistics, neural networks, heuristics, Markov models, Natural Language Processing (NLP)
The candidate should know the R and Python languages
The candidate should familiar with Jupyter Notebooks
The candidate should have experience with Azure cloud
Experience in analytics driven financial applications will be plus
The candidate should be familiar with DevOps practices such as source control, builds, testing, deployments, release management, and monitoring
An understanding of modern approaches to software development such as microservices and event-driven architectures
Experience developing applications with the Azure cloud platform using Visual Studio and/or Visual Studio Code
Experience with SDLC tools such as Team Foundation Server (TFS), Git, Azure DevOps, and Jira
Requirements:
Bachelors degree in Computer Science or related field with 8+ years of software development experience OR MS/Phd in CS or equivalent with 4+ yrs of experience
Experience with all phases of development, including design, implementation, and operation of production systems
Experience in developing high-performance, highly-available and scalable distributed systems
In-depth knowledge and fluency in a high-level programming language C/C++ and C#
Experience with relational and noSQL databases
Solid understanding of Object-Oriented design and concepts
Strong analytical and problem solving skills
Experience with Machine Learning
Experience developing software in a Unix/Linux environment
Expected Start Date: 17/08/2020
Job Type: Full-time
Pay: ₹1,000,000.00 - ₹1,800,000.00 per year
Experience:
AI/ML: 5 years (Preferred)
total work: 7 years (Preferred)
Education:
Bachelor's (Preferred)"
Artificial Intelligence Developer - Machine Learning/Deep Le...,India,StarTele Logic,None,Organic,"Alacer Systems and Technologies is looking for an artificial intelligence and machine learning engineer, who will be able to develop and support Alacer's products. The main scope of the products will include everything from back-end to client-side code, using optimal and efficient technologies, frameworks, and patterns. Your primary responsibilities will be – design and develop, maintain and enhance applications leveraging AI & ML capabilities. Therefore, it’s essential that – as an AI/ML engineer — you are skilled at problem solving, solution design, logical thinking and high-quality coding.
Description
The candidate must be fluent in artificial intelligence and machine learning techniques
The candidate must understand the following algorithms and when each is applicable: Linear Regression, Logistic Regression, Classification and Regression Trees, Naïve-Bayes, and K-Nearest Neighbors
The candidate should be familiar with statistics, neural networks, heuristics, Markov models, Natural Language Processing (NLP)
The candidate should know the R and Python languages
The candidate should familiar with Jupyter Notebooks
The candidate should have experience with Azure cloud
Experience in analytics driven financial applications will be plus
The candidate should be familiar with DevOps practices such as source control, builds, testing, deployments, release management, and monitoring
An understanding of modern approaches to software development such as microservices and event-driven architectures
Experience developing applications with the Azure cloud platform using Visual Studio and/or Visual Studio Code
Experience with SDLC tools such as Team Foundation Server (TFS), Git, Azure DevOps, and Jira
Requirements:
Bachelors degree in Computer Science or related field with 8+ years of software development experience OR MS/Phd in CS or equivalent with 4+ yrs of experience
Experience with all phases of development, including design, implementation, and operation of production systems
Experience in developing high-performance, highly-available and scalable distributed systems
In-depth knowledge and fluency in a high-level programming language C/C++ and C#
Experience with relational and noSQL databases
Solid understanding of Object-Oriented design and concepts
Strong analytical and problem solving skills
Experience with Machine Learning
Experience developing software in a Unix/Linux environment
Expected Start Date: 17/08/2020
Job Type: Full-time
Pay: ₹1,000,000.00 - ₹1,800,000.00 per year
Experience:
AI/ML: 5 years (Preferred)
total work: 7 years (Preferred)
Education:
Bachelor's (Preferred)"
Machine Learning Specialist,"Hyderabad, Telangana",AlienTT,None,Organic,"Alacer Systems and Technologies is looking for an artificial intelligence and machine learning engineer, who will be able to develop and support Alacer's products. The main scope of the products will include everything from back-end to client-side code, using optimal and efficient technologies, frameworks, and patterns. Your primary responsibilities will be – design and develop, maintain and enhance applications leveraging AI & ML capabilities. Therefore, it’s essential that – as an AI/ML engineer — you are skilled at problem solving, solution design, logical thinking and high-quality coding.
Description
The candidate must be fluent in artificial intelligence and machine learning techniques
The candidate must understand the following algorithms and when each is applicable: Linear Regression, Logistic Regression, Classification and Regression Trees, Naïve-Bayes, and K-Nearest Neighbors
The candidate should be familiar with statistics, neural networks, heuristics, Markov models, Natural Language Processing (NLP)
The candidate should know the R and Python languages
The candidate should familiar with Jupyter Notebooks
The candidate should have experience with Azure cloud
Experience in analytics driven financial applications will be plus
The candidate should be familiar with DevOps practices such as source control, builds, testing, deployments, release management, and monitoring
An understanding of modern approaches to software development such as microservices and event-driven architectures
Experience developing applications with the Azure cloud platform using Visual Studio and/or Visual Studio Code
Experience with SDLC tools such as Team Foundation Server (TFS), Git, Azure DevOps, and Jira
Requirements:
Bachelors degree in Computer Science or related field with 8+ years of software development experience OR MS/Phd in CS or equivalent with 4+ yrs of experience
Experience with all phases of development, including design, implementation, and operation of production systems
Experience in developing high-performance, highly-available and scalable distributed systems
In-depth knowledge and fluency in a high-level programming language C/C++ and C#
Experience with relational and noSQL databases
Solid understanding of Object-Oriented design and concepts
Strong analytical and problem solving skills
Experience with Machine Learning
Experience developing software in a Unix/Linux environment
Expected Start Date: 17/08/2020
Job Type: Full-time
Pay: ₹1,000,000.00 - ₹1,800,000.00 per year
Experience:
AI/ML: 5 years (Preferred)
total work: 7 years (Preferred)
Education:
Bachelor's (Preferred)"
Artificial Intelligence - NLP - Engineer,"Dadar, Mumbai, Maharashtra",Emotix Miko,"₹50,000 - ₹1,00,000 a month",Organic,"Summary
Miko is a Mumbai based advanced consumer robotics innovation lab passionate about bringing the best of technology to young learners everywhere and home to some of the world’s leading engineers, mathematicians, teachers and psychologists. Our robots have been designed for the age group of 5-10 and the company’s flagship product, Miko 2, is the first robot that uses playful, conversational learning to educate, engage and entertain kids and is best-selling in the US, UK and UAE besides India.
We are looking for an experienced AI-NLP engineer in the team. In this role, we expect you to have a strong logical reasoning and good mathematical skills with expertise in python deep learning frameworks. The ability to communicate effectively is essential.
Responsibilities
Designing and developing core AI/ML algorithms for diverse applications such as
sentence/document classification, language context understanding models, text search and processing, sentiment analysis, comprehension based question answering and dependency parsers
Regular interaction with the AI backend team for efficient development cycles.
Ensuring the timelines of AI production releases along with maintenance of services in thebproduction environment.
Keeping abreast of latest technologies/developments in AI such as releases of open source training libraries/frameworks, Hierarchical temporal models, Reinforcement learning and Deep learning.
Requirements
Work experience or proven aptitude as a Machine Learning Engineer.
Excellent understanding of tools/libraries/frameworks in the domain of Natural Language
Processing such as Tensorflow, Keras, Pytorch, fastAI, HuggingFace, Spacy, Gensim
Knowledge of CNN/RNN/LSTM networks, embedding models and their implementation.
Knowledge of BERT/Transformers, Seq-to-Seq architectures, BiLSTMs, CRFs, Attention models, Text summarization.
Superb communication skills and strong organizational abilities.
Attention to detail and problem-solving aptitude.
Job Type: Full-time
Salary: ₹50,000.00 to ₹100,000.00 /month
Education:
Bachelor's (Required)"
Artificial Intelligence / Machine Learning Engineer,"Pune, Maharashtra",Healthcoco Technologies,None,Organic,null
Machine Learning Engineer,"Bengaluru, Karnataka",Inkers,None,Organic,null
Machine Learning Engineer,"Gandhinagar, Gujarat",Kshatrainfotech pvt ltd,None,Organic,null
Artificial Intelligence & Machine Learning - Corporate train...,"Thiruvananthapuram, Kerala",Oracuz Info Tech Pvt Ltd,None,Organic,null
Artificial Intelligence and Machine learning Trainer,"Badarpur, Delhi",Digital School of Delhi,None,Organic,null
Teaching Faculty For Artificial Intelligence,"Ernakulam, Kerala",AI Hub,"₹15,000 - ₹30,000 a month",Organic,"A leading educational firm is looking for faculty members in Artificial Intelligence, Machine Learning, Data Science etc. Young and energetic experienced candidates with immense industrial knowledge should apply.
Job Types: Full-time, Contract
Salary: ₹15,000.00 to ₹30,000.00 /month"
Artificial Intelligence,"New Delhi, Delhi",Delvetech,None,Organic,"A leading educational firm is looking for faculty members in Artificial Intelligence, Machine Learning, Data Science etc. Young and energetic experienced candidates with immense industrial knowledge should apply.
Job Types: Full-time, Contract
Salary: ₹15,000.00 to ₹30,000.00 /month"
Artificial Intelligence,"Hyderabad, Telangana",Careerera,None,Organic,"A leading educational firm is looking for faculty members in Artificial Intelligence, Machine Learning, Data Science etc. Young and energetic experienced candidates with immense industrial knowledge should apply.
Job Types: Full-time, Contract
Salary: ₹15,000.00 to ₹30,000.00 /month"
Artificial Intelligence - NLP - Engineer,"Dadar, Mumbai, Maharashtra",Emotix Miko,"₹50,000 - ₹1,00,000 a month",Organic,"Summary
Miko is a Mumbai based advanced consumer robotics innovation lab passionate about bringing the best of technology to young learners everywhere and home to some of the world’s leading engineers, mathematicians, teachers and psychologists. Our robots have been designed for the age group of 5-10 and the company’s flagship product, Miko 2, is the first robot that uses playful, conversational learning to educate, engage and entertain kids and is best-selling in the US, UK and UAE besides India.
We are looking for an experienced AI-NLP engineer in the team. In this role, we expect you to have a strong logical reasoning and good mathematical skills with expertise in python deep learning frameworks. The ability to communicate effectively is essential.
Responsibilities
Designing and developing core AI/ML algorithms for diverse applications such as
sentence/document classification, language context understanding models, text search and processing, sentiment analysis, comprehension based question answering and dependency parsers
Regular interaction with the AI backend team for efficient development cycles.
Ensuring the timelines of AI production releases along with maintenance of services in thebproduction environment.
Keeping abreast of latest technologies/developments in AI such as releases of open source training libraries/frameworks, Hierarchical temporal models, Reinforcement learning and Deep learning.
Requirements
Work experience or proven aptitude as a Machine Learning Engineer.
Excellent understanding of tools/libraries/frameworks in the domain of Natural Language
Processing such as Tensorflow, Keras, Pytorch, fastAI, HuggingFace, Spacy, Gensim
Knowledge of CNN/RNN/LSTM networks, embedding models and their implementation.
Knowledge of BERT/Transformers, Seq-to-Seq architectures, BiLSTMs, CRFs, Attention models, Text summarization.
Superb communication skills and strong organizational abilities.
Attention to detail and problem-solving aptitude.
Job Type: Full-time
Salary: ₹50,000.00 to ₹100,000.00 /month
Education:
Bachelor's (Required)"
Trainer/ Faculty Member- Machine Learning,"Thane, Maharashtra",Itvedant,"₹35,000 - ₹45,000 a month",Organic,"Location – Andheri and Thane
About Us:
itvedant was started with the aim of bridging the gap between education and skills needed for the job with an intense passion for teaching. We are looking for dynamic and passionate people from the software industry to be the part of our family who can lead the team of students towards a bright future.
Job Brief:
We are looking for an expert Trainer/ Faculty Member who is confident in his/her conduct who is an experienced and professional Machine Learning Engineer with a capability of imparting the knowledge of Artificial Intelligence to the students.
Job Description:
Contribute in all phases of the development life-cycle of the students and training a dynamic team of students.
Should possess strong knowledge of Machine learning along with a passion for Artificial Intelligence.
Should stay up-to-date with the latest developments in the field.
Facilitating the students available resources such as curriculum, data, hardware, etc.
Upgrading the student’s knowledge quality by taking them through the important functionalities of Machine Learning as per the syllabus.
Sharply train the student’s minds in analyzing the Machine Learning Algorithms that could be used to solve the given problems.
Train and guide the students to analyze the errors and design strategies to overcome them.
Lead learning enhancement through developing assignment and assessment modules, integrate the use of advanced technology for upscaled training quality and develop plans to track and monitor the progress of students.
Should be capable of completing the assigned module in the given time.
Conduct regular research for further enhancement of curriculum on a regular basis.
Should be able to communicate and connect with students in an effective way.
Should be committed to deliver best in class training and a willingness to enrich careers.
Any other work allotted by the management
Skills Required:
Effective communication Skills.
Proficiency with deep learning framework such as Tensorflow.
Domain Expertise and ability to deliver.
Analytical Skills and problem solving.
Good Scripting and programming skills
Data-oriented personality
Qualification and Experience:
BE/BTech/MTech from a reputed institute.
2-3 Years of Industry experience.
Salary Range:
35k to 45k"
Data Science Developer,"Pune, Maharashtra",Ajira AI,None,Organic,"Location – Andheri and Thane
About Us:
itvedant was started with the aim of bridging the gap between education and skills needed for the job with an intense passion for teaching. We are looking for dynamic and passionate people from the software industry to be the part of our family who can lead the team of students towards a bright future.
Job Brief:
We are looking for an expert Trainer/ Faculty Member who is confident in his/her conduct who is an experienced and professional Machine Learning Engineer with a capability of imparting the knowledge of Artificial Intelligence to the students.
Job Description:
Contribute in all phases of the development life-cycle of the students and training a dynamic team of students.
Should possess strong knowledge of Machine learning along with a passion for Artificial Intelligence.
Should stay up-to-date with the latest developments in the field.
Facilitating the students available resources such as curriculum, data, hardware, etc.
Upgrading the student’s knowledge quality by taking them through the important functionalities of Machine Learning as per the syllabus.
Sharply train the student’s minds in analyzing the Machine Learning Algorithms that could be used to solve the given problems.
Train and guide the students to analyze the errors and design strategies to overcome them.
Lead learning enhancement through developing assignment and assessment modules, integrate the use of advanced technology for upscaled training quality and develop plans to track and monitor the progress of students.
Should be capable of completing the assigned module in the given time.
Conduct regular research for further enhancement of curriculum on a regular basis.
Should be able to communicate and connect with students in an effective way.
Should be committed to deliver best in class training and a willingness to enrich careers.
Any other work allotted by the management
Skills Required:
Effective communication Skills.
Proficiency with deep learning framework such as Tensorflow.
Domain Expertise and ability to deliver.
Analytical Skills and problem solving.
Good Scripting and programming skills
Data-oriented personality
Qualification and Experience:
BE/BTech/MTech from a reputed institute.
2-3 Years of Industry experience.
Salary Range:
35k to 45k"
Artificial Intelligence - Intern,"Bengaluru, Karnataka",Desk Nine Private Limited,None,Organic,"Location – Andheri and Thane
About Us:
itvedant was started with the aim of bridging the gap between education and skills needed for the job with an intense passion for teaching. We are looking for dynamic and passionate people from the software industry to be the part of our family who can lead the team of students towards a bright future.
Job Brief:
We are looking for an expert Trainer/ Faculty Member who is confident in his/her conduct who is an experienced and professional Machine Learning Engineer with a capability of imparting the knowledge of Artificial Intelligence to the students.
Job Description:
Contribute in all phases of the development life-cycle of the students and training a dynamic team of students.
Should possess strong knowledge of Machine learning along with a passion for Artificial Intelligence.
Should stay up-to-date with the latest developments in the field.
Facilitating the students available resources such as curriculum, data, hardware, etc.
Upgrading the student’s knowledge quality by taking them through the important functionalities of Machine Learning as per the syllabus.
Sharply train the student’s minds in analyzing the Machine Learning Algorithms that could be used to solve the given problems.
Train and guide the students to analyze the errors and design strategies to overcome them.
Lead learning enhancement through developing assignment and assessment modules, integrate the use of advanced technology for upscaled training quality and develop plans to track and monitor the progress of students.
Should be capable of completing the assigned module in the given time.
Conduct regular research for further enhancement of curriculum on a regular basis.
Should be able to communicate and connect with students in an effective way.
Should be committed to deliver best in class training and a willingness to enrich careers.
Any other work allotted by the management
Skills Required:
Effective communication Skills.
Proficiency with deep learning framework such as Tensorflow.
Domain Expertise and ability to deliver.
Analytical Skills and problem solving.
Good Scripting and programming skills
Data-oriented personality
Qualification and Experience:
BE/BTech/MTech from a reputed institute.
2-3 Years of Industry experience.
Salary Range:
35k to 45k"
Talent Acquisition specialist,"Hyderabad, Telangana",WAVELABS TECHNOLOGIES,None,Organic,"Location – Andheri and Thane
About Us:
itvedant was started with the aim of bridging the gap between education and skills needed for the job with an intense passion for teaching. We are looking for dynamic and passionate people from the software industry to be the part of our family who can lead the team of students towards a bright future.
Job Brief:
We are looking for an expert Trainer/ Faculty Member who is confident in his/her conduct who is an experienced and professional Machine Learning Engineer with a capability of imparting the knowledge of Artificial Intelligence to the students.
Job Description:
Contribute in all phases of the development life-cycle of the students and training a dynamic team of students.
Should possess strong knowledge of Machine learning along with a passion for Artificial Intelligence.
Should stay up-to-date with the latest developments in the field.
Facilitating the students available resources such as curriculum, data, hardware, etc.
Upgrading the student’s knowledge quality by taking them through the important functionalities of Machine Learning as per the syllabus.
Sharply train the student’s minds in analyzing the Machine Learning Algorithms that could be used to solve the given problems.
Train and guide the students to analyze the errors and design strategies to overcome them.
Lead learning enhancement through developing assignment and assessment modules, integrate the use of advanced technology for upscaled training quality and develop plans to track and monitor the progress of students.
Should be capable of completing the assigned module in the given time.
Conduct regular research for further enhancement of curriculum on a regular basis.
Should be able to communicate and connect with students in an effective way.
Should be committed to deliver best in class training and a willingness to enrich careers.
Any other work allotted by the management
Skills Required:
Effective communication Skills.
Proficiency with deep learning framework such as Tensorflow.
Domain Expertise and ability to deliver.
Analytical Skills and problem solving.
Good Scripting and programming skills
Data-oriented personality
Qualification and Experience:
BE/BTech/MTech from a reputed institute.
2-3 Years of Industry experience.
Salary Range:
35k to 45k"
Data Scientist Intern,"Gurgaon, Haryana",AISPL - Delhi,None,Organic,"Location – Andheri and Thane
About Us:
itvedant was started with the aim of bridging the gap between education and skills needed for the job with an intense passion for teaching. We are looking for dynamic and passionate people from the software industry to be the part of our family who can lead the team of students towards a bright future.
Job Brief:
We are looking for an expert Trainer/ Faculty Member who is confident in his/her conduct who is an experienced and professional Machine Learning Engineer with a capability of imparting the knowledge of Artificial Intelligence to the students.
Job Description:
Contribute in all phases of the development life-cycle of the students and training a dynamic team of students.
Should possess strong knowledge of Machine learning along with a passion for Artificial Intelligence.
Should stay up-to-date with the latest developments in the field.
Facilitating the students available resources such as curriculum, data, hardware, etc.
Upgrading the student’s knowledge quality by taking them through the important functionalities of Machine Learning as per the syllabus.
Sharply train the student’s minds in analyzing the Machine Learning Algorithms that could be used to solve the given problems.
Train and guide the students to analyze the errors and design strategies to overcome them.
Lead learning enhancement through developing assignment and assessment modules, integrate the use of advanced technology for upscaled training quality and develop plans to track and monitor the progress of students.
Should be capable of completing the assigned module in the given time.
Conduct regular research for further enhancement of curriculum on a regular basis.
Should be able to communicate and connect with students in an effective way.
Should be committed to deliver best in class training and a willingness to enrich careers.
Any other work allotted by the management
Skills Required:
Effective communication Skills.
Proficiency with deep learning framework such as Tensorflow.
Domain Expertise and ability to deliver.
Analytical Skills and problem solving.
Good Scripting and programming skills
Data-oriented personality
Qualification and Experience:
BE/BTech/MTech from a reputed institute.
2-3 Years of Industry experience.
Salary Range:
35k to 45k"
"Public Policy Director, India - Data Economy and Emerging Te...","Gurgaon, Haryana",Facebook,None,Organic,"Location – Andheri and Thane
About Us:
itvedant was started with the aim of bridging the gap between education and skills needed for the job with an intense passion for teaching. We are looking for dynamic and passionate people from the software industry to be the part of our family who can lead the team of students towards a bright future.
Job Brief:
We are looking for an expert Trainer/ Faculty Member who is confident in his/her conduct who is an experienced and professional Machine Learning Engineer with a capability of imparting the knowledge of Artificial Intelligence to the students.
Job Description:
Contribute in all phases of the development life-cycle of the students and training a dynamic team of students.
Should possess strong knowledge of Machine learning along with a passion for Artificial Intelligence.
Should stay up-to-date with the latest developments in the field.
Facilitating the students available resources such as curriculum, data, hardware, etc.
Upgrading the student’s knowledge quality by taking them through the important functionalities of Machine Learning as per the syllabus.
Sharply train the student’s minds in analyzing the Machine Learning Algorithms that could be used to solve the given problems.
Train and guide the students to analyze the errors and design strategies to overcome them.
Lead learning enhancement through developing assignment and assessment modules, integrate the use of advanced technology for upscaled training quality and develop plans to track and monitor the progress of students.
Should be capable of completing the assigned module in the given time.
Conduct regular research for further enhancement of curriculum on a regular basis.
Should be able to communicate and connect with students in an effective way.
Should be committed to deliver best in class training and a willingness to enrich careers.
Any other work allotted by the management
Skills Required:
Effective communication Skills.
Proficiency with deep learning framework such as Tensorflow.
Domain Expertise and ability to deliver.
Analytical Skills and problem solving.
Good Scripting and programming skills
Data-oriented personality
Qualification and Experience:
BE/BTech/MTech from a reputed institute.
2-3 Years of Industry experience.
Salary Range:
35k to 45k"
Artificial Intelligence / Machine Learning Engineer,"Bengaluru, Karnataka",Hewlett Packard Enterprise,None,Organic,null
"Director, Compilers for Deep Learning","Bengaluru, Karnataka",Intel,None,Organic,null
Research Engineer - Data Analytics & Artificial Intelligence...,"Bengaluru, Karnataka",Siemens AG,None,Organic,null
Data Science Developer,"Pune, Maharashtra",Ajira AI,None,Organic,null
Artificial Intelligence & Machine Learning - Corporate train...,"Thiruvananthapuram, Kerala",Oracuz Info Tech Pvt Ltd,None,Organic,null
Teaching Assistant for Artificial Intelligence,"Kolkata, West Bengal","Data-Core Systems, Inc.",None,Organic,null
Jr. Data Analyst,"Navi Mumbai, Maharashtra",Sciative Solutrions,None,Organic,null
Data Science Intern,"Kolkata, West Bengal",newAmps Consulting,"₹7,000 - ₹8,000 a month",Organic,"Stipend
As per the industry standard

Location
Kolkata

Job Information
Industry:
IT (Data Science)
Skills:
Basic knowledge in Machine Learning, Artificial Intelligence, Natural Language Processing, Python, Angular. Must be proficient in working Java Script.
Education:
B. Tech is preferred, along with MBA.
Duration of Internship:
6 Months.

Employment Type
Full Time

Experience
Fresher."
Junior Data Scientist/ta,"Gurgaon, Haryana",WSD Consultant,"₹7,00,000 - ₹15,00,000 a year",Organic,"1 - 5 Years
Gurgaon, Bangalore, Mumbai, Pune, Chennai, Hyderabad


Job Description
candidate should qualify checklist written below:

Ques: Does the candidate has strong knowledge in Data Science/ Machine Learning/ Artificial Intelligence ? Please mention

Ques: Is the candidate willing to work full time as a Data Science program Manager/ Academic and content delivery/ End to End Curriculam delivery and management ?

Ques: Does the candidate has Data Science/ Machine learning content development and academic delivery experience/ Faculty Development programs in any Teaching Institution or E - Learning Companies?


Job Specifications

Exp. 1.0 - 5.0 Year(s)
Annual Fixed CTC Min : 7.0 Lacs Max: 15.0 Lacs
Qualification B.Tech/B.E. , Any Post Graduation
No of openings 3
Additional Doc/Msg
Salary
7 Lac To 15 Lac P.A.

Industry
IT Software - Application Programming / Maintenance

Work Experience
1 - 5 Years

Qualification
Other Bachelor Degree, MD/Medicinae Doctor, Other Doctorate Degree



Key Skills
Data Scientist

Company Profile
Company Name
Great Learning


About Company
Great Learning is an online and hybrid learning company that offers high-quality, impactful, and industry-relevant learning programs to working professionals. These programs help them master data-driven decision-making regardless of the sector or function they work in and secure their career growth into the future. These programs are delivered through a convenient and robust technology-enabled experience with no disruption to their careers.

Contact Person
Pramod Kumar

Address
Gurgaon

Mobile
8506010400

Email ID
jobwsd@gmail.com"
ML/ Big Data Engineer,"Hyderabad, Telangana",SkyeITS Solutions Pvt Ltd,"₹10,00,000 - ₹15,00,000 a year",Organic,"Job Description/ Responsibilities:
The ideal candidate must have at least 5 years of experience as Big Data Engineer with development experience using Machine Learning to help us extract value from our data. Passionate about artificial intelligence and stay up-to-date with the latest developments in the field
Lead all the processes from data collection, cleaning, and preprocessing, to training models and deploying them to production
Understanding business objectives and developing models that help to achieve them, along with metrics to track their progress
Managing available resources such as hardware, data, and personnel so that deadlines are met
Analyzing the ML algorithms that could be used to solve a given problem and ranking them by their success probability
Exploring and visualizing data to gain an understanding of it, then identifying differences in data distribution that could affect performance when deploying the model in the real world
Verifying data quality, and/or ensuring it via data cleaning
Supervising the data acquisition process if more data is needed
Finding available datasets online that could be used for training
Defining validation strategies
Defining the preprocessing or feature engineering to be done on a given dataset
Defining data augmentation pipelines
Training models and tuning their hyperparameters
Analyzing the errors of the model and designing strategies to overcome them
Deploying models to production
Educational Qualifications:
This position requires a bachelor’s degree in Computer Science or Computer Information Systems and aforesaid experience
Proficiency with a deep learning framework such as TensorFlow or Keras
Proficiency with Python and basic libraries for machine learning such as scikit-learn and pandas
Expertise in visualizing and manipulating big datasets
Proficiency with OpenCV and familiarity with Linux
Ability to select hardware to run an ML model with the required latency
Proficiency with Apache Spark, Apache Parquet, Apache Kafka, Spark Stream and other big data technologies like Pig, Hive, Map Reduce, Sqoop
Self-motivated with a willingness to learn with strong sense of accountability and proven track record of delivering desired results
Strong interpersonal skills including mentoring, coaching, collaborating, and team building. Strong analytical, planning, and organizational skills with an ability to efficiently communicate and manage competing demands
Ability to multi-task, work under pressure, meet deadlines and thrive in a fast-paced very demanding start-up environment
Ready to work across multiple global time zones
Job Type: Contract
Salary: ₹1,000,000.00 - ₹1,500,000.00 per year
Experience:
work: 1 year (Preferred)
Big Data: 5 years (Preferred)
Education:
Secondary(10th Pass) (Preferred)
Work Remotely:
Temporarily due to COVID-19"
Talent Acquisition specialist,"Hyderabad, Telangana",WAVELABS TECHNOLOGIES,None,Organic,"Job Description/ Responsibilities:
The ideal candidate must have at least 5 years of experience as Big Data Engineer with development experience using Machine Learning to help us extract value from our data. Passionate about artificial intelligence and stay up-to-date with the latest developments in the field
Lead all the processes from data collection, cleaning, and preprocessing, to training models and deploying them to production
Understanding business objectives and developing models that help to achieve them, along with metrics to track their progress
Managing available resources such as hardware, data, and personnel so that deadlines are met
Analyzing the ML algorithms that could be used to solve a given problem and ranking them by their success probability
Exploring and visualizing data to gain an understanding of it, then identifying differences in data distribution that could affect performance when deploying the model in the real world
Verifying data quality, and/or ensuring it via data cleaning
Supervising the data acquisition process if more data is needed
Finding available datasets online that could be used for training
Defining validation strategies
Defining the preprocessing or feature engineering to be done on a given dataset
Defining data augmentation pipelines
Training models and tuning their hyperparameters
Analyzing the errors of the model and designing strategies to overcome them
Deploying models to production
Educational Qualifications:
This position requires a bachelor’s degree in Computer Science or Computer Information Systems and aforesaid experience
Proficiency with a deep learning framework such as TensorFlow or Keras
Proficiency with Python and basic libraries for machine learning such as scikit-learn and pandas
Expertise in visualizing and manipulating big datasets
Proficiency with OpenCV and familiarity with Linux
Ability to select hardware to run an ML model with the required latency
Proficiency with Apache Spark, Apache Parquet, Apache Kafka, Spark Stream and other big data technologies like Pig, Hive, Map Reduce, Sqoop
Self-motivated with a willingness to learn with strong sense of accountability and proven track record of delivering desired results
Strong interpersonal skills including mentoring, coaching, collaborating, and team building. Strong analytical, planning, and organizational skills with an ability to efficiently communicate and manage competing demands
Ability to multi-task, work under pressure, meet deadlines and thrive in a fast-paced very demanding start-up environment
Ready to work across multiple global time zones
Job Type: Contract
Salary: ₹1,000,000.00 - ₹1,500,000.00 per year
Experience:
work: 1 year (Preferred)
Big Data: 5 years (Preferred)
Education:
Secondary(10th Pass) (Preferred)
Work Remotely:
Temporarily due to COVID-19"
Artificial Intelligence Specialists,"Pune, Maharashtra",Careerera,"₹4,00,000 - ₹6,00,000 a year",Organic,"Experience 2- 4 Years
Salary 4 LPA - 6 LPA
Job Location Pune
Industry:
IT-Software / Software Services
Keywords:
Artificial Intelligence
About Job:
Must have Excellent knowledge in AI / Machine learning (Mandatory).
Machine learning frameworks like keras, tensor flow etc.
And also other big data tools like Hadoop etc, Must know R and python.
Good understanding in SDLC & Business cycle."
Data Scientist - Machine Learning/Artificial Intelligence/ P...,"Bengaluru, Karnataka",Careerera,"₹8,00,000 - ₹16,00,000 a year",Organic,"Experience 4 - 10 Years
Salary 8 LPA - 16 LPA
Job Location Bengaluru
Industry:
IT-Software / Software Services
Keywords:
Data Scientist
About Job:
Core Responsibility :

Strong experience in delivering projects in using Python.

Strong experience in developing models using Image Processing and Computer Vision algorithms

Designing, developing, and deploying deep learning models on AWS environment.

Experience and Skills :

- 4 - 6 years- experience in Designing and Deploying Deep Learning Solutions

Excellent knowledge of Deep Learning Architectures/Convolutional Neural Networks

Excellent knowledge of Supervised Learning, Adversarial Learning

Excellent Python Coding Skills with at least 4 years of Python coding

Robust working knowledge with deep learning frameworks (like Tensorflow, Keras, PyTorch)

Hands on experience on Image Processing and Computer Vision algorithms

Experience with GPU/CUDA programming

Deep knowledge of mathematics, probability, statistics and algorithms

Understanding of data structures, data modelling and software architecture

Excellent communication skills

Ability to work in a team

Outstanding analytical and problem-solving skills

Must Have :

Aware of the Software Development Life Cycle and Quality concepts

Excellent experience in Python programming language for data analysis.

Excellent verbal and written communications skills; Strong interpersonal skills

Managing available resources such as cloud services, data

Good to Have :

Experience with System Development Life Cycle methodologies (CMMI)"
Data Scientist-Artificial Intelligence,"Mumbai, Maharashtra",legalbabu corporate services pvt ltd,None,Organic,"Experience 4 - 10 Years
Salary 8 LPA - 16 LPA
Job Location Bengaluru
Industry:
IT-Software / Software Services
Keywords:
Data Scientist
About Job:
Core Responsibility :

Strong experience in delivering projects in using Python.

Strong experience in developing models using Image Processing and Computer Vision algorithms

Designing, developing, and deploying deep learning models on AWS environment.

Experience and Skills :

- 4 - 6 years- experience in Designing and Deploying Deep Learning Solutions

Excellent knowledge of Deep Learning Architectures/Convolutional Neural Networks

Excellent knowledge of Supervised Learning, Adversarial Learning

Excellent Python Coding Skills with at least 4 years of Python coding

Robust working knowledge with deep learning frameworks (like Tensorflow, Keras, PyTorch)

Hands on experience on Image Processing and Computer Vision algorithms

Experience with GPU/CUDA programming

Deep knowledge of mathematics, probability, statistics and algorithms

Understanding of data structures, data modelling and software architecture

Excellent communication skills

Ability to work in a team

Outstanding analytical and problem-solving skills

Must Have :

Aware of the Software Development Life Cycle and Quality concepts

Excellent experience in Python programming language for data analysis.

Excellent verbal and written communications skills; Strong interpersonal skills

Managing available resources such as cloud services, data

Good to Have :

Experience with System Development Life Cycle methodologies (CMMI)"
"Public Policy Director, India - Data Economy and Emerging Te...","Gurgaon, Haryana",Facebook,None,Organic,"Experience 4 - 10 Years
Salary 8 LPA - 16 LPA
Job Location Bengaluru
Industry:
IT-Software / Software Services
Keywords:
Data Scientist
About Job:
Core Responsibility :

Strong experience in delivering projects in using Python.

Strong experience in developing models using Image Processing and Computer Vision algorithms

Designing, developing, and deploying deep learning models on AWS environment.

Experience and Skills :

- 4 - 6 years- experience in Designing and Deploying Deep Learning Solutions

Excellent knowledge of Deep Learning Architectures/Convolutional Neural Networks

Excellent knowledge of Supervised Learning, Adversarial Learning

Excellent Python Coding Skills with at least 4 years of Python coding

Robust working knowledge with deep learning frameworks (like Tensorflow, Keras, PyTorch)

Hands on experience on Image Processing and Computer Vision algorithms

Experience with GPU/CUDA programming

Deep knowledge of mathematics, probability, statistics and algorithms

Understanding of data structures, data modelling and software architecture

Excellent communication skills

Ability to work in a team

Outstanding analytical and problem-solving skills

Must Have :

Aware of the Software Development Life Cycle and Quality concepts

Excellent experience in Python programming language for data analysis.

Excellent verbal and written communications skills; Strong interpersonal skills

Managing available resources such as cloud services, data

Good to Have :

Experience with System Development Life Cycle methodologies (CMMI)"
Artificial Intelligence and Machine learning Trainer,"Badarpur, Delhi",Digital School of Delhi,None,Organic,null
Artificial Intelligence Engineer,"Bengaluru, Karnataka",Swiss Base Company,"₹8,00,000 - ₹10,00,000 a year",Organic,"Experience and Strong Understanding of Computer Vision and Image Processing is a Must.
hands On Experience On Medical Image Analysis is An Added Advantage.
very Strong Knowledge in Mathematics, Statistics and Probability (multivariate Calculus, Vector Spaces and Random Variables, Algebraic Probability Distribution)
hands On Experience in Building Ai Applications Using Deep Learning or Machine Learning Technqiues
hands On Experience in Python
unerstanding of Scikit-learn, Numpy, Pandas, Spacy, Gensim, Nltk
hands On Experience in Pytorch or Tensorflow
good Knowledge in Various Feature Engineering Tecnhqiues like Tf-idf, Cbow, Word Embeddings
good Understanding of fine Tuning the Network Models.
good Understanding of Supervised/unsupervised Learning.
knowledge of Reinforcement Learning is a Plus.
good Understanding of Machine Learing Algorithms like Svm, Knn, Random Forests, Regression and Clustering Methods."
Data Scientist,"Noida, Uttar Pradesh",Gauge Data Solutions,None,Organic,"Experience and Strong Understanding of Computer Vision and Image Processing is a Must.
hands On Experience On Medical Image Analysis is An Added Advantage.
very Strong Knowledge in Mathematics, Statistics and Probability (multivariate Calculus, Vector Spaces and Random Variables, Algebraic Probability Distribution)
hands On Experience in Building Ai Applications Using Deep Learning or Machine Learning Technqiues
hands On Experience in Python
unerstanding of Scikit-learn, Numpy, Pandas, Spacy, Gensim, Nltk
hands On Experience in Pytorch or Tensorflow
good Knowledge in Various Feature Engineering Tecnhqiues like Tf-idf, Cbow, Word Embeddings
good Understanding of fine Tuning the Network Models.
good Understanding of Supervised/unsupervised Learning.
knowledge of Reinforcement Learning is a Plus.
good Understanding of Machine Learing Algorithms like Svm, Knn, Random Forests, Regression and Clustering Methods."
Artificial Intelligence / Machine Learning Engineer,"Pune, Maharashtra",Healthcoco Technologies,None,Organic,"Experience and Strong Understanding of Computer Vision and Image Processing is a Must.
hands On Experience On Medical Image Analysis is An Added Advantage.
very Strong Knowledge in Mathematics, Statistics and Probability (multivariate Calculus, Vector Spaces and Random Variables, Algebraic Probability Distribution)
hands On Experience in Building Ai Applications Using Deep Learning or Machine Learning Technqiues
hands On Experience in Python
unerstanding of Scikit-learn, Numpy, Pandas, Spacy, Gensim, Nltk
hands On Experience in Pytorch or Tensorflow
good Knowledge in Various Feature Engineering Tecnhqiues like Tf-idf, Cbow, Word Embeddings
good Understanding of fine Tuning the Network Models.
good Understanding of Supervised/unsupervised Learning.
knowledge of Reinforcement Learning is a Plus.
good Understanding of Machine Learing Algorithms like Svm, Knn, Random Forests, Regression and Clustering Methods."
Analyst - Reference data,"Bengaluru, Karnataka",Société Générale,None,Organic,"Experience and Strong Understanding of Computer Vision and Image Processing is a Must.
hands On Experience On Medical Image Analysis is An Added Advantage.
very Strong Knowledge in Mathematics, Statistics and Probability (multivariate Calculus, Vector Spaces and Random Variables, Algebraic Probability Distribution)
hands On Experience in Building Ai Applications Using Deep Learning or Machine Learning Technqiues
hands On Experience in Python
unerstanding of Scikit-learn, Numpy, Pandas, Spacy, Gensim, Nltk
hands On Experience in Pytorch or Tensorflow
good Knowledge in Various Feature Engineering Tecnhqiues like Tf-idf, Cbow, Word Embeddings
good Understanding of fine Tuning the Network Models.
good Understanding of Supervised/unsupervised Learning.
knowledge of Reinforcement Learning is a Plus.
good Understanding of Machine Learing Algorithms like Svm, Knn, Random Forests, Regression and Clustering Methods."
Data Scientist,"Jamshedpur, Jharkhand",Imurgence,None,Organic,"Experience and Strong Understanding of Computer Vision and Image Processing is a Must.
hands On Experience On Medical Image Analysis is An Added Advantage.
very Strong Knowledge in Mathematics, Statistics and Probability (multivariate Calculus, Vector Spaces and Random Variables, Algebraic Probability Distribution)
hands On Experience in Building Ai Applications Using Deep Learning or Machine Learning Technqiues
hands On Experience in Python
unerstanding of Scikit-learn, Numpy, Pandas, Spacy, Gensim, Nltk
hands On Experience in Pytorch or Tensorflow
good Knowledge in Various Feature Engineering Tecnhqiues like Tf-idf, Cbow, Word Embeddings
good Understanding of fine Tuning the Network Models.
good Understanding of Supervised/unsupervised Learning.
knowledge of Reinforcement Learning is a Plus.
good Understanding of Machine Learing Algorithms like Svm, Knn, Random Forests, Regression and Clustering Methods."
Data scientist web crawler,"Hyderabad, Telangana",Novartis,None,Organic,"Experience and Strong Understanding of Computer Vision and Image Processing is a Must.
hands On Experience On Medical Image Analysis is An Added Advantage.
very Strong Knowledge in Mathematics, Statistics and Probability (multivariate Calculus, Vector Spaces and Random Variables, Algebraic Probability Distribution)
hands On Experience in Building Ai Applications Using Deep Learning or Machine Learning Technqiues
hands On Experience in Python
unerstanding of Scikit-learn, Numpy, Pandas, Spacy, Gensim, Nltk
hands On Experience in Pytorch or Tensorflow
good Knowledge in Various Feature Engineering Tecnhqiues like Tf-idf, Cbow, Word Embeddings
good Understanding of fine Tuning the Network Models.
good Understanding of Supervised/unsupervised Learning.
knowledge of Reinforcement Learning is a Plus.
good Understanding of Machine Learing Algorithms like Svm, Knn, Random Forests, Regression and Clustering Methods."
"Director, Compilers for Deep Learning","Bengaluru, Karnataka",Intel,None,Organic,"Experience and Strong Understanding of Computer Vision and Image Processing is a Must.
hands On Experience On Medical Image Analysis is An Added Advantage.
very Strong Knowledge in Mathematics, Statistics and Probability (multivariate Calculus, Vector Spaces and Random Variables, Algebraic Probability Distribution)
hands On Experience in Building Ai Applications Using Deep Learning or Machine Learning Technqiues
hands On Experience in Python
unerstanding of Scikit-learn, Numpy, Pandas, Spacy, Gensim, Nltk
hands On Experience in Pytorch or Tensorflow
good Knowledge in Various Feature Engineering Tecnhqiues like Tf-idf, Cbow, Word Embeddings
good Understanding of fine Tuning the Network Models.
good Understanding of Supervised/unsupervised Learning.
knowledge of Reinforcement Learning is a Plus.
good Understanding of Machine Learing Algorithms like Svm, Knn, Random Forests, Regression and Clustering Methods."
Python Developer,"Pune, Maharashtra",Silicus,None,Organic,"Experience and Strong Understanding of Computer Vision and Image Processing is a Must.
hands On Experience On Medical Image Analysis is An Added Advantage.
very Strong Knowledge in Mathematics, Statistics and Probability (multivariate Calculus, Vector Spaces and Random Variables, Algebraic Probability Distribution)
hands On Experience in Building Ai Applications Using Deep Learning or Machine Learning Technqiues
hands On Experience in Python
unerstanding of Scikit-learn, Numpy, Pandas, Spacy, Gensim, Nltk
hands On Experience in Pytorch or Tensorflow
good Knowledge in Various Feature Engineering Tecnhqiues like Tf-idf, Cbow, Word Embeddings
good Understanding of fine Tuning the Network Models.
good Understanding of Supervised/unsupervised Learning.
knowledge of Reinforcement Learning is a Plus.
good Understanding of Machine Learing Algorithms like Svm, Knn, Random Forests, Regression and Clustering Methods."
Data Scientist,"Ahmedabad, Gujarat",R3coder,None,Organic,"Experience and Strong Understanding of Computer Vision and Image Processing is a Must.
hands On Experience On Medical Image Analysis is An Added Advantage.
very Strong Knowledge in Mathematics, Statistics and Probability (multivariate Calculus, Vector Spaces and Random Variables, Algebraic Probability Distribution)
hands On Experience in Building Ai Applications Using Deep Learning or Machine Learning Technqiues
hands On Experience in Python
unerstanding of Scikit-learn, Numpy, Pandas, Spacy, Gensim, Nltk
hands On Experience in Pytorch or Tensorflow
good Knowledge in Various Feature Engineering Tecnhqiues like Tf-idf, Cbow, Word Embeddings
good Understanding of fine Tuning the Network Models.
good Understanding of Supervised/unsupervised Learning.
knowledge of Reinforcement Learning is a Plus.
good Understanding of Machine Learing Algorithms like Svm, Knn, Random Forests, Regression and Clustering Methods."
Jr. Data Analyst,"Navi Mumbai, Maharashtra",Sciative Solutrions,None,Organic,"Experience and Strong Understanding of Computer Vision and Image Processing is a Must.
hands On Experience On Medical Image Analysis is An Added Advantage.
very Strong Knowledge in Mathematics, Statistics and Probability (multivariate Calculus, Vector Spaces and Random Variables, Algebraic Probability Distribution)
hands On Experience in Building Ai Applications Using Deep Learning or Machine Learning Technqiues
hands On Experience in Python
unerstanding of Scikit-learn, Numpy, Pandas, Spacy, Gensim, Nltk
hands On Experience in Pytorch or Tensorflow
good Knowledge in Various Feature Engineering Tecnhqiues like Tf-idf, Cbow, Word Embeddings
good Understanding of fine Tuning the Network Models.
good Understanding of Supervised/unsupervised Learning.
knowledge of Reinforcement Learning is a Plus.
good Understanding of Machine Learing Algorithms like Svm, Knn, Random Forests, Regression and Clustering Methods."
"Project Lead, Artificial Intelligence and Machine Learning","Mumbai, Maharashtra",World Economic Forum LLC,None,Organic,"Experience and Strong Understanding of Computer Vision and Image Processing is a Must.
hands On Experience On Medical Image Analysis is An Added Advantage.
very Strong Knowledge in Mathematics, Statistics and Probability (multivariate Calculus, Vector Spaces and Random Variables, Algebraic Probability Distribution)
hands On Experience in Building Ai Applications Using Deep Learning or Machine Learning Technqiues
hands On Experience in Python
unerstanding of Scikit-learn, Numpy, Pandas, Spacy, Gensim, Nltk
hands On Experience in Pytorch or Tensorflow
good Knowledge in Various Feature Engineering Tecnhqiues like Tf-idf, Cbow, Word Embeddings
good Understanding of fine Tuning the Network Models.
good Understanding of Supervised/unsupervised Learning.
knowledge of Reinforcement Learning is a Plus.
good Understanding of Machine Learing Algorithms like Svm, Knn, Random Forests, Regression and Clustering Methods."
Sr. Data Science Engineer,"Hyderabad, Telangana",Kani Solutions,None,Organic,"Experience and Strong Understanding of Computer Vision and Image Processing is a Must.
hands On Experience On Medical Image Analysis is An Added Advantage.
very Strong Knowledge in Mathematics, Statistics and Probability (multivariate Calculus, Vector Spaces and Random Variables, Algebraic Probability Distribution)
hands On Experience in Building Ai Applications Using Deep Learning or Machine Learning Technqiues
hands On Experience in Python
unerstanding of Scikit-learn, Numpy, Pandas, Spacy, Gensim, Nltk
hands On Experience in Pytorch or Tensorflow
good Knowledge in Various Feature Engineering Tecnhqiues like Tf-idf, Cbow, Word Embeddings
good Understanding of fine Tuning the Network Models.
good Understanding of Supervised/unsupervised Learning.
knowledge of Reinforcement Learning is a Plus.
good Understanding of Machine Learing Algorithms like Svm, Knn, Random Forests, Regression and Clustering Methods."
Artificial Intelligence & Machine Learning - Corporate train...,"Thiruvananthapuram, Kerala",Oracuz Info Tech Pvt Ltd,None,Organic,"Experience and Strong Understanding of Computer Vision and Image Processing is a Must.
hands On Experience On Medical Image Analysis is An Added Advantage.
very Strong Knowledge in Mathematics, Statistics and Probability (multivariate Calculus, Vector Spaces and Random Variables, Algebraic Probability Distribution)
hands On Experience in Building Ai Applications Using Deep Learning or Machine Learning Technqiues
hands On Experience in Python
unerstanding of Scikit-learn, Numpy, Pandas, Spacy, Gensim, Nltk
hands On Experience in Pytorch or Tensorflow
good Knowledge in Various Feature Engineering Tecnhqiues like Tf-idf, Cbow, Word Embeddings
good Understanding of fine Tuning the Network Models.
good Understanding of Supervised/unsupervised Learning.
knowledge of Reinforcement Learning is a Plus.
good Understanding of Machine Learing Algorithms like Svm, Knn, Random Forests, Regression and Clustering Methods."
Data Scientist,"Bengaluru, Karnataka",Zauba Corp,None,Organic,"Experience and Strong Understanding of Computer Vision and Image Processing is a Must.
hands On Experience On Medical Image Analysis is An Added Advantage.
very Strong Knowledge in Mathematics, Statistics and Probability (multivariate Calculus, Vector Spaces and Random Variables, Algebraic Probability Distribution)
hands On Experience in Building Ai Applications Using Deep Learning or Machine Learning Technqiues
hands On Experience in Python
unerstanding of Scikit-learn, Numpy, Pandas, Spacy, Gensim, Nltk
hands On Experience in Pytorch or Tensorflow
good Knowledge in Various Feature Engineering Tecnhqiues like Tf-idf, Cbow, Word Embeddings
good Understanding of fine Tuning the Network Models.
good Understanding of Supervised/unsupervised Learning.
knowledge of Reinforcement Learning is a Plus.
good Understanding of Machine Learing Algorithms like Svm, Knn, Random Forests, Regression and Clustering Methods."
